dataset,scenario,method,type1_error,power,auc,mean_runtime_sec,mean_score_h0,mean_score_h1,mean_posterior_null_h0,mean_posterior_null_h1,mean_log_bf10_h0,mean_log_bf10_h1,mean_p_h0,mean_p_h1
synthetic_sqexp,all,bayes_fpca,0.49,0.88,0.8355,0.0015441068494692445,0.28710869733145994,2.7396463350908937,0.44171459078555064,0.20581740630220377,0.28710869733145994,2.7396463350908937,,
synthetic_sqexp,all,global_f,0.01,0.41,0.8465499999999999,0.30345089789945634,0.46826634673065376,0.8158048390321936,,,,,,
synthetic_sqexp,all,global_l2,0.01,0.43,0.84565,0.09258693734649569,0.47084983003399317,0.8191921615676866,,,,,,
synthetic_sqexp,all,global_l2_fpca,0.05,0.47,0.8313,18.48646832353901,0.5200979804039193,0.841375724855029,,,,,,
synthetic_sqexp,all,point_bonferroni_t,0.0,0.1,0.7087,0.003043503211811185,0.019154831760046863,0.31356360933707383,,,,,,
synthetic_sqexp,all,rkbt,0.09,0.6,0.8526,108.64091113250703,-1.1094056536231212,1.1144237448014374,0.7348112040726988,0.3771289378194665,-1.1094056536231212,1.1144237448014374,2.456745,2.6155015625
