dataset,scenario,method,type1_error,power,auc,mean_runtime_sec,mean_score_h0,mean_score_h1,mean_posterior_null_h0,mean_posterior_null_h1,mean_log_bf10_h0,mean_log_bf10_h1,mean_p_h0,mean_p_h1
synthetic_ou,all,bayes_fpca,0.06,0.53,0.8321999999999999,0.0015009382739663124,0.11904065105936779,2.1749058683158933,0.48709771387339545,0.25751805561595587,0.11904065105936779,2.1749058683158933,,
synthetic_ou,all,global_f,0.01,0.53,0.9016000000000001,0.2603528449358419,0.48522895420915824,0.8730633873225355,,,,,,
synthetic_ou,all,global_l2,0.01,0.52,0.90175,0.07979636253323406,0.4878244351129774,0.8759748050389924,,,,,,
synthetic_ou,all,global_l2_fpca,0.1,0.57,0.8333499999999999,16.945294249611905,0.6723255348930214,0.9034193161367726,,,,,,
synthetic_ou,all,point_bonferroni_t,0.0,0.31,0.82185,0.001979902568273246,0.08224724018993408,0.5992449613409473,,,,,,
synthetic_ou,all,rkbt,0.0,0.52,0.8895,91.03238729039673,-0.9595670734916486,1.7219687541852988,0.7087487491638902,0.30317884149720264,-0.9595670734916486,1.7219687541852988,2.45775875,2.74813875
