dataset,scenario,method,type1_error,power,auc,mean_runtime_sec,mean_score_h0,mean_score_h1,mean_posterior_null_h0,mean_posterior_null_h1,mean_log_bf10_h0,mean_log_bf10_h1,mean_p_h0,mean_p_h1
synthetic_ou,all,bayes_fpca,0.38,0.97,0.9590000000000001,0.0015481557184830307,0.11904065105937046,6.507020669057392,0.48709771387339446,0.09416621482864627,0.11904065105937046,6.507020669057392,,
synthetic_ou,all,global_f,0.01,0.77,0.9821,0.25023190381471067,0.48522895420915824,0.964091181763647,,,,,,
synthetic_ou,all,global_l2,0.01,0.77,0.98045,0.0762824671715498,0.4878244351129774,0.9649930013997201,,,,,,
synthetic_ou,all,global_l2_fpca,0.1,0.87,0.9610000000000001,18.06637609856669,0.6723775244951011,0.9789042191561685,,,,,,
synthetic_ou,all,point_bonferroni_t,0.0,0.71,0.9722500000000001,0.0015450792480260133,0.08224724018993408,0.8913972113206696,,,,,,
synthetic_ou,all,rkbt,0.09,0.92,0.9850999999999999,124.83992792352568,-0.9595670734916486,5.629967523590873,0.7087487491638902,0.0944923884181344,-0.9595670734916486,5.629967523590873,2.45775875,3.0297971875
