dataset,scenario,method,type1_error,power,auc,mean_runtime_sec,mean_score_h0,mean_score_h1,mean_posterior_null_h0,mean_posterior_null_h1,mean_log_bf10_h0,mean_log_bf10_h1,mean_p_h0,mean_p_h1
synthetic_brownian,all,bayes_fpca,0.4,0.91,0.9085,0.0015546123869717122,0.11545951101073415,2.9899647774449356,0.4747001828920683,0.18720085695507704,0.11545951101073415,2.9899647774449356,,
synthetic_brownian,all,global_f,0.01,0.71,0.9260999999999999,0.24806281730066984,0.4520515896820636,0.9056148770245952,,,,,,
synthetic_brownian,all,global_l2,0.01,0.71,0.9258,0.07653343345038593,0.4552329534093181,0.9073765246950609,,,,,,
synthetic_brownian,all,global_l2_fpca,0.01,0.61,0.9078499999999999,18.474140593912452,0.49020195960807844,0.8943551289742051,,,,,,
synthetic_brownian,all,point_bonferroni_t,0.0,0.35,0.8138000000000001,0.002394383274950087,0.04660369172447615,0.5505941699727942,,,,,,
synthetic_brownian,all,rkbt,0.1,0.84,0.909,124.31258061740547,-0.43984531360530177,2.5998523154999718,0.6062797152086854,0.2092378885275265,-0.43984531360530177,2.5998523154999718,2.49729375,2.7535250000000002
