dataset,scenario,method,type1_error,power,auc,mean_runtime_sec,mean_score_h0,mean_score_h1,mean_posterior_null_h0,mean_posterior_null_h1,mean_log_bf10_h0,mean_log_bf10_h1,mean_p_h0,mean_p_h1
synthetic_brownian,all,bayes_fpca,0.4,1.0,1.0,0.0014716892130672932,0.11545951101073458,21.350017197108127,0.4747001828920682,8.649754356056083e-05,0.11545951101073458,21.350017197108127,,
synthetic_brownian,all,global_f,0.01,0.57,0.9738,0.24869329504668714,0.4520515896820636,0.9404239152169567,,,,,,
synthetic_brownian,all,global_l2,0.01,0.58,0.9739,0.07660402840469033,0.4552329534093181,0.9442291541691662,,,,,,
synthetic_brownian,all,global_l2_fpca,0.01,1.0,1.0,18.317508963164872,0.49020195960807844,0.9997440511897618,,,,,,
synthetic_brownian,all,point_bonferroni_t,0.0,0.71,0.98935,0.0018606074480339884,0.04660369172447615,0.9243632518455958,,,,,,
synthetic_brownian,all,rkbt,0.1,1.0,1.0,99.76117750727106,-0.43984531360530177,5.241077569663275,0.6062797152086854,0.03184672592542739,-0.43984531360530177,5.241077569663275,2.49729375,3.6679906250000003
