dataset,scenario,method,type1_error,power,auc,mean_runtime_sec,mean_score_h0,mean_score_h1,mean_posterior_null_h0,mean_posterior_null_h1,mean_log_bf10_h0,mean_log_bf10_h1,mean_p_h0,mean_p_h1
synthetic_sqexp,all,bayes_fpca,0.09,0.91,0.9827,0.0014893249468877913,0.28710869733146,8.79934509401166,0.44171459078555064,0.04142914996226561,0.28710869733146,8.79934509401166,,
synthetic_sqexp,all,global_f,0.01,0.81,0.9866,0.24293073948938398,0.46826634673065376,0.9729354129174166,,,,,,
synthetic_sqexp,all,global_l2,0.01,0.82,0.98545,0.07616319701075554,0.47084983003399317,0.9736592681463706,,,,,,
synthetic_sqexp,all,global_l2_fpca,0.05,0.89,0.9834,17.503024354889057,0.5200979804039193,0.9817216556688662,,,,,,
synthetic_sqexp,all,point_bonferroni_t,0.0,0.67,0.929,0.0022802140889689325,0.019154831760046863,0.7901121119897261,,,,,,
synthetic_sqexp,all,rkbt,0.0,0.84,0.9837,120.14584897775669,-1.1094056536231212,6.2148641028613705,0.7348112040726988,0.09390421407894373,-1.1094056536231212,6.2148641028613705,2.456745,2.8856771875
